SampleID,num,AGA_severity,g__Corynebacterium;,g__Acinetobacter;,g__Staphylococcus;,g__Rothia;,g__Neisseria;,g__Haemophilus;,g__Prevotella;,g__Moraxella;,g__Streptococcus;,g__Pseudomonas;,g__Micrococcus;,g__Rhizobium;,g__Propionibacterium;,g__Bacteroides;,g__Streptophyta_Group;,g__Brevundimonas;,g__Veillonella;,g__Paracoccus;,g__Enhydrobacter;,g__Kocuria;,g__Lactobacillus;,g__Bartonella;,g__Finegoldia;,g__Macrococcus;,g__Anaerococcus;,g__Peptoniphilus;,g__Penicillium;,g__Aspergillus;,g__Cladosporium;,g__Alternaria;,g__Malassezia;,g__Uncultured_Aspergillus;
AWGB16SAA2186284-14-11,1,Healthy,0.466508172,0.00013373,0.17781575,0.0000446,0.0000892,0.0000446,0.0000297,0.0002526,0.000223,0.00339,0.001500743,0.001040119,0.348781575,0,0.0000297,0,0.0000297,0.0000297,0.0000594,0,0,0,0,0,0,0,0.0000504,0.000283754,0.000157641,0.000189,0.997931748,0
AWGB16SAA2185996-11-13,2,Healthy,0.063480298,0.000770896,0.47214398,0.000207549,0.0000593,0,0.0000593,0.000444748,0.000859845,0.000534,0.000622647,0.000355798,0.456370267,0,0.00119,0.001156344,0.000118599,0.000296498,0.000296498,0.000296,0.000177899,0.0000593,0.000177899,0.0000889,0.000237,0,0.000019,0.000123647,0.000190226,0.000656,0.988633986,0
AWGB16SAA2185998-11-15,3,Healthy,0.040480954,0.00071449,0.687400482,0.002531335,0.003245825,0.00081656,0.001755604,0.002898787,0.014514351,0.000387866,0.000347038,0.000122484,0.096129506,0.000244968,0.135446862,0.000265382,0.000755318,0.00193933,0.001796432,0.000244968,0.00112277,0.000122484,0.001816846,0,0.000836974,0.004062385,0.0000237,0.017789183,0.002589814,0.00202,0.78218713,0
AWGB16SAA2186000-11-17,4,Healthy,0.085842615,0.000219414,0.022367351,0.0000516,0.0000516,0.000167787,0.000645336,0.003045987,0.000413,0.0012,0.000129067,0.010854554,0.867641554,0.000865,0.000116,0.000167787,0.000129067,0.000567896,0.00378,0,0.001652061,0.0000258,0.0000387,0,0.0000258,0,0.000258339,0.000287043,0.136058327,0.00020093,0.722974912,0
AWGB16SAA2186002-12-11,5,Healthy,0.449327102,0.000742093,0.130748711,0.0000401,0.000180509,0,0.000100283,0.000200566,0.00016,0.000782206,0.001343789,0.000100283,0.41360637,0.000221,0.000180509,0.000541527,0.0000401,0.000240679,0.000281,0.0000602,0.000681923,0.000320905,0.000100283,0,0,0,0.072396877,0.000958259,0.004439638,0.0000703,0.920534867,0
AWGB16SAA2186004-12-13,6,Healthy,0.496581167,0.000300811,0.183361679,0.000555343,0.001099117,0.0000926,0.000792521,0.000185114,0.003563454,0.000300811,0.00200155,0.00015619,0.308562702,0.0000463,0.000549559,0.000618977,0.000561128,0.00017933,0.000127266,0.0000694,0.000109912,0.0000116,0.000109912,0,0.0000405,0.0000231,0,0.000128788,0.024340909,0.000234848,0.974007576,0
AWGB16SAA2186006-12-15,7,Healthy,0.044430007,0.000992547,0.047876852,0.000198509,0.000559436,0.000126324,0.000126324,0.000451158,0.001371519,0.000541389,0.001967047,0.0000902,0.892624474,0.0000902,0.003410752,0.000198509,0.000288741,0.000433111,0.000397019,0.000126324,0.0000902,0,0.002057279,0.000252648,0.00117301,0.000126324,0.000682943,0.225029879,0.001536623,0.000853679,0.572818849,0
AWGB16SAA2186018-14-11,8,Healthy,0.325762235,0.000292886,0.345341651,0.000131799,0.0000879,0.0000439,0.0000439,0.000146443,0.000146443,0.000161,0.000497906,0,0.325132531,0.000161087,0.000308,0.000234309,0.0000879,0.000146443,0.000190376,0.00019,0.000131799,0.000527194,0,0.0000586,0.000146,0.0000293,0.000244834,0.000362716,0.001478069,0.0000272,0.99423281,0
AWGB16SAA2186020-14-13,9,Healthy,0.84397156,0.000362552,0.030907589,0.007976152,0.000120851,0.0000403,0.000261843,0.002699001,0.000604254,0.000644538,0.009104093,0.0000201,0.08926845,0.000271914,0.0000302,0.001309217,0.0000906,0.009164518,0.002628505,0.0000604,0.000100709,0.00011078,0.000120851,0,0.000100709,0.0000302,0.000126418,0.000143274,0.000202269,0.0000253,0.998786387,0
AWGB16SAA2186022-14-15,10,Healthy,0.053199414,0.000204243,0.058509744,0.0000721,0.000036,0.000024,0.000024,0.000156186,0.00106,0.0000841,0.000312372,0.000600716,0.884566403,0.000132,0.000276,0.0000841,0.0000481,0.000420501,0.0000961,0,0.000024,0.000036,0.000036,0,0,0,0.0000572,0.000200221,0.000190687,0.0000381,0.998588917,0
AWGB16SAA2186024-14-17,11,Healthy,0.07922605,0.000339783,0.034412459,0.000339783,0.001208117,0.0000566,0.000169891,0.000151015,0.002925908,0.000453044,0.000981595,0.000924965,0.873166588,0.0000944,0.000132138,0.000151015,0.000396413,0.001623407,0.000302029,0.000245399,0.0000755,0.000188768,0.000887211,0.0000378,0.00077395,0.000736196,0,0.0000544,0.0000635,0.000217543,0.994497974,0.0000453
AWGB16SAA2186028-15-13,12,Healthy,0.043051751,0.000350608,0.652832256,0.000555129,0.000204521,0.000233739,0.002454257,0.002366605,0.003710602,0.000467477,0.001438954,0.000547825,0.19149045,0.004959644,0.0000803,0.088156021,0.000226434,0.003389211,0.0025273,0.000255652,0.000241043,0,0.000131478,0.000131478,0.000138782,0.0000584,0.0000164,0.0000328,0.0000164,0.0000492,0.834530248,0
AWGB16SAA2186030-15-15,13,Healthy,0.243560262,0.000713051,0.467048149,0.000481309,0.000820008,0.000820008,0.003297859,0.00042783,0.00295916,0.001693495,0.000677398,0,0.266752233,0.006595718,0.000891313,0.000320873,0.000303047,0.000410004,0.000463483,0.0000713,0.00057044,0.0000713,0.000552614,0,0.000320873,0.000178263,0,0.000169505,0.0000646,0.0000888,0.72344822,0
AWGB16SAA2186032-15-17,14,Healthy,0.115290098,0.00050947,0.463228243,0.000659314,0.000659314,0.0000599,0.000869096,0.000329657,0.002757133,0.000179813,0.000269719,0.000179813,0.403260609,0.001828099,0.001768161,0.0000599,0.0000899,0.000239751,0.0000899,0,0.006383361,0.000209782,0.000599377,0,0.000239751,0.000239751,0.0000208,0.000218418,0,0.0000208,0.991856135,0
AWGB16SAA2186034-16-11,15,Healthy,0.328991771,0.000394688,0.434807491,0.001164328,0.000611766,0.000118406,0.001282734,0.00094725,0.001637953,0.00094725,0.000966984,0.000197344,0.219840941,0.001440609,0.001164328,0.00031575,0.0000592,0.000789375,0.000690703,0.000118406,0.002052375,0.000256547,0.000236813,0.000592031,0.000296016,0.0000789,0.0000531,0.000442909,0.000124015,0,0.616865976,0
AWGB16SAA2186036-16-13,16,Healthy,0.337699359,0.00119208,0.216010899,0.001058804,0.000481275,0.000037,0.00071821,0.033474507,0.001458633,0.0015771,0.002147226,0.001480845,0.376327208,0.004753513,0.002702543,0.001925099,0.000155489,0.000925528,0.005427298,0.000288765,0.000118468,0.000540509,0.001873269,0.004620237,0.001621526,0.00138459,0.0000466,0.000124338,0.000108795,0,0.995725898,0.000295302
AWGB16SAA2186038-16-15,17,Healthy,0.041596212,0.000676361,0.465495633,0.000915077,0.000636575,0.000358074,0.001114007,0.000616682,0.00314309,0.001233364,0.000835505,0.000218823,0.460701426,0.005669498,0.002426943,0.000139251,0.000298395,0.000696254,0.001153793,0.000358074,0.00073604,0.000576896,0.004117846,0.000596789,0.002367264,0.003322127,0,0.00390379,0.000063,0.001825967,0.990429417,0.000125929
AWGB16SAA2186143-13-14,18,Healthy,0.081592358,0.008724886,0.192027535,0.008484751,0.019610982,0.006723765,0.030417034,0.002374663,0.230875957,0.003121748,0.001414125,0,0.194375517,0.005443048,0.002294618,0.000293498,0.061847968,0.001600897,0.00165426,0.000506951,0.118679794,0,0.004322421,0.000400224,0.021798874,0.001414125,0.019420993,0.178578394,0.019156287,0,0.645392739,0.131544484
AWGB16SAA2186042-11-11,19,Healthy,0.047800706,0.005287532,0.161092283,0.000283894,0.0000532,0,0.000177434,0.000337125,0.000851683,0.00193,0.001419472,0.000124204,0.749924591,0.0000355,0.000231,0.000408098,0.0000532,0.00204049,0.0000355,0.000266,0.02602956,0.000159691,0.000177434,0.000603275,0.000319,0.000354868,0.004577236,0.000411288,0.030581243,0.000384753,0.882066522,0
AWGB16SAA2186044-11-13,20,Healthy,0.42333186,0.002852207,0.137910256,0.000120516,0.000241032,0.000160688,0.005262524,0.000482063,0.001205158,0.002048769,0.000482063,0.000361547,0.395332021,0.0000803,0.000120516,0.000241032,0.0000803,0.000441891,0.00020086,0,0.000241032,0.000241032,0.00249066,0,0.003133411,0.022938175,0.0000277,0.001987851,0.000268129,0.000388,0.994591196,0.0000185
AWGB16SAA2186046-11-15,21,Healthy,0.092479645,0.000573924,0.252497544,0.00011673,0.000175096,0.0000292,0.0000292,0.000214006,0.000223733,0.000214006,0.001147849,0,0.648515092,0,0.0000486,0.000175096,0.0000195,0.000836568,0.000243188,0.001974689,0,0.0000875,0.000214006,0.0000389,0.000107003,0.0000389,0,0.0000763,0.0000763,0.000228885,0.947898917,0
AWGB16SAA2186048-11-17,22,Healthy,0.299429091,0.00870479,0.358166818,0.0007999,0.000235265,0.000376423,0.000846953,0.004720976,0.002838859,0.002227171,0.020875812,0.0000471,0.289093133,0.0007999,0.000580319,0.001254745,0.00010979,0.000596004,0.003340757,0.001395903,0.000643057,0.000580319,0.001740958,0.000141159,0.000407792,0.0000471,0.015969143,0.017275873,0.000036,0.000027,0.956769763,0
AWGB16SAA2186050-12-11,23,Healthy,0.256755931,0.000305468,0.496100193,0.00040729,0.000692394,0.000285103,0.0006313,0.000590571,0.001608797,0.001690256,0.002647388,0.0000815,0.23001731,0.000264739,0.001018226,0.000142552,0.00040729,0.000610936,0.000386926,0.000427655,0.001995723,0.0000611,0.000529478,0,0.00085531,0.00148661,0.0000574,0.001162374,0,0,0.996010619,0
AWGB16SAA2186052-12-13,24,Healthy,0.646373218,0.000481383,0.09241822,0.00013858,0.000488677,0.000182342,0.000350097,0.000211517,0.002509026,0.001006528,0.0000365,0.000561613,0.250982823,0.0000292,0.0000875,0.0000948,0.0000948,0.000671019,0.000736662,0.0000292,0.000269866,0.000167755,0.000714781,0,0.000466796,0.000897123,0,0.000202134,0.0000421,0.000193712,0.992142033,0.0000337
AWGB16SAA2186054-12-15,25,Healthy,0.439270854,0.000726504,0.165378773,0.000506351,0.000286199,0.000198138,0.000110076,0.001122779,0.00195936,0.000264183,0.000748519,0.000154107,0.385575589,0.000198138,0.000440306,0.000286199,0.000198138,0.000198138,0.000858596,0.000154107,0.000264183,0.000154107,0.000242168,0.0000881,0.000330229,0.000286199,0,0.000183848,0.000472751,0.073617859,0.92212738,0
AWGB16SAA2186056-12-17,26,Healthy,0.128438264,0.001719132,0.036254584,0.000458435,0.000878667,0.000458435,0.007182152,0.002062958,0.013562042,0.001222494,0.000191015,0.000114609,0.787935513,0,0.000114609,0.000573044,0.000573044,0.006723716,0,0,0.001528117,0.000764059,0.000420232,0.000611247,0.000382029,0.007831601,0.000021,0.0000526,0.026150045,0.0000526,0.918984281,0
AWGB16SAA2186058-13-11,27,Healthy,0.056161297,0.000657819,0.185077376,0.0000658,0.0000987,0.0000493,0.000592037,0.0000329,0.0012,0.000905,0.000246682,0,0.748285559,0,0.000345,0.000345355,0.000855165,0.000641374,0.0000658,0.0000987,0.0000987,0,0.000789383,0.00118,0.00164,0.000559146,0.000115334,0.000288334,0.000288334,0.000461334,0.99134998,0
AWGB16SAA2212627-14-11,51,Healthy,0.290374811,0.000414821,0.376269553,0.00513843,0.00242202,0.000321152,0.002100868,0.001980436,0.001873386,0.001338133,0.007680882,0.000147195,0.275829308,0.000187339,0.002274826,0.001351514,0.00776117,0.015963924,0.00382706,0.0000803,0.000562016,0.0000803,0.000642304,0.0000268,0.000214101,0.001137413,0.000126309,0.001713072,0.076669851,0.02712496,0.879492867,0
AWGB16SAA2212629-14-13,52,Healthy,0.350186728,0.000459638,0.221430623,0.006061477,0.001120368,0.0000431,0.000919276,0.00214019,0.003935651,0.000359092,0.007497845,0.000129273,0.383510485,0.00027291,0.0025711,0.001335823,0.000359092,0.004510198,0.001680552,0.00011491,0.000646366,0.000186728,0.000172364,0.000129273,0.00011491,0.010112037,0.00000883,0.004805951,0.004938468,0.000504,0.893350296,0.001404681
AWGB16SAA2212631-14-15,53,Healthy,0.300076693,0.000424553,0.404571476,0.007422827,0.002369279,0.000424553,0.001657126,0.001602345,0.000903887,0.001013449,0.007943247,0.00026021,0.218316032,0.000178038,0.032704265,0.001177792,0.000273905,0.01188748,0.003574461,0.000356077,0.000821715,0.0000822,0.000314991,0.000246515,0.00026021,0.001136706,0.0000823,0.002805206,0.003889886,0.0251,0.906074207,0.000216936
AWGB16SAA2212633-14-17,54,Healthy,0.356362473,0.000450981,0.463230481,0.006197355,0.00157116,0.00104744,0.001469326,0.00216762,0.001716638,0.001411135,0.008466809,0.0000145,0.069276539,0.000407338,0.058409345,0.001396587,0.000465529,0.016933618,0.005731826,0.0000436,0.000872867,0.0000873,0.000669198,0.0000436,0.000334599,0.001222014,0.000114333,0.001643538,0.006238299,0.002208058,0.844735676,0
AWGB16SAA2212635-15-11,55,Healthy,0.230021251,0.000332711,0.488033142,0.006106854,0.002436302,0.00028978,0.001588426,0.001534763,0.0000859,0.001159122,0.005945865,0.000118059,0.195988151,0.0000966,0.050625711,0.000998133,0.0000429,0.010432095,0.001792346,0.0000537,0.000568828,0.0000644,0.00053663,0,0.000236117,0.000912272,0.000113832,0.003073467,0.046671169,0.038019928,0.853338696,0.000174543
AWGB16SAA2212637-15-13,56,Healthy,0.290198544,0.000411115,0.347186283,0.000386931,0.0000121,0.000120916,0.00090687,0.001644458,0.00128171,0.000967,0.00632391,0.000157191,0.294587797,0.000181374,0.0285,0.000882687,0.000157191,0.010096491,0.003748398,0.000701,0.001293802,0.0000725,0.007085681,0.0000242,0.0025,0.000580397,0.005153797,0.010740481,0.050933564,0.065406668,0.826682131,0.003169054
AWGB16SAA2212639-15-15,57,Healthy,0.274461127,0.000405796,0.38219989,0.000978684,0.001957368,0.00032225,0.001336739,0.16893037,0.000417731,0.005370826,0.006337574,0,0.120998735,0.000131287,0.003866994,0.000883202,0.000179028,0.009357172,0.019549805,0.000274509,0.000262574,0.000155157,0.000190963,0.000226768,0.000214833,0.000990619,0,0.005269983,0.05181019,0.026055881,0.815641068,0.000482516
AWGB16SAA2212641-15-17,58,Healthy,0.327022196,0.000476687,0.491717563,0.001564129,0.001295993,0.000327722,0.001579026,0.016937286,0.001206614,0.003962461,0.016520185,0.000283033,0.062669447,0.000163861,0.052212126,0.004543423,0.000163861,0.011410696,0.003128259,0.0000596,0.000327722,0.000372412,0.000417101,0.0000596,0.000312826,0.0012662,0.000133633,0.005968926,0.05798767,0.001354144,0.896728672,0
AWGB16SAA2212643-16-11,59,Healthy,0.282331945,0.000335298,0.332183224,0.001860365,0.003147477,0.000562436,0.002433616,0.001276297,0.003298902,0.000822022,0.005364772,0.0000433,0.207235953,0.008360824,0.023405981,0.0000324,0.005137635,0.009236926,0.002931156,0.000724677,0.104061435,0.000216321,0.001611595,0.000129793,0.002606674,0.000648964,0.0000755,0.025270455,0.002895486,0.0226,0.861436329,0.000293745
AWGB16SAA2212645-16-13,60,Healthy,0.449105741,0.000310035,0.277229833,0.00187959,0.001734261,0.00000969,0.000881663,0.001075436,0.001414537,0.000649137,0.005377178,0.00570659,0.217518941,0.001453291,0.003158486,0.009146046,0.000939795,0.00988238,0.001714884,0.0000581,0.000339101,0.0000581,0.003400701,0.000339101,0.006210398,0.000406922,0.000131551,0.02023416,0.057915248,0.033191916,0.855442093,0.001405949
AWGB16SAA2212647-16-15,61,Healthy,0.513146296,0.000235569,0.261824068,0.002948418,0.001337427,0.000265966,0.000949877,0.000866288,0.002059333,0.000607921,0.003997082,0.0000836,0.184207727,0.004597404,0.0084881,0.000638317,0.000258367,0.008495699,0.002811636,0.0000608,0.000919481,0.0000608,0.000273565,0.0000228,0.000197574,0.000645916,0.000120636,0.00131192,0.043549725,0.031667044,0.790560205,0
AWGB16SAA2212754-12-11,62,Healthy,0.21583789,0.000309295,0.475735323,0.004988626,0.002544199,0.000309295,0.001626292,0.001187293,0.000498863,0.000987748,0.005926488,0.000229477,0.246597757,0.000199545,0.028285509,0.000977771,0.0000399,0.00806162,0.003741469,0.0000499,0.000179591,0.0000698,0.000478908,0.0000698,0.000229477,0.000838089,0.014924494,0.002963013,0.065405142,0.060918534,0.853128841,0.0000505
AWGB16SAA2212651-11-11,63,Healthy,0.402229147,0.000400833,0.322010887,0.002159325,0.001655051,0.000349112,0.000219811,0.029066836,0.000982687,0.000387903,0.006671925,0.000258602,0.217910757,0.001254218,0.002379136,0.000400833,0.0000129,0.003775585,0.005094454,0.0000517,0.000853386,0.0000776,0.000362042,0.0000517,0.000323252,0.001060267,0.000144946,0.001947711,0.009448662,0.001784647,0.922327107,0.000163064
AWGB16SAA2212653-11-13,64,Healthy,0.558226857,0.000243229,0.246209041,0.001831822,0.001086932,0.000630876,0.00205985,0.000760092,0.002105455,0.002508304,0.003846066,0.00016722,0.155894894,0.001907831,0.0049482,0.000471257,0.00132256,0.007053655,0.002318281,0.0000684,0.003929676,0.000532064,0.001026124,0.000144418,0.0000912,0.000615675,0.000131198,0.002282845,0.049050564,0.0360882,0.902878484,0.0000525
AWGB16SAA2212655-11-15,65,Healthy,0.18099905,0.000247408,0.244407378,0.004604985,0.002250617,0.00000798,0.00035116,0.315269874,0.000407026,0.000271351,0.021508552,0.000119714,0.20941907,0.001811666,0.002075037,0.002035132,0.0000399,0.008443802,0.003264192,0.0000239,0.00105348,0.0000559,0.000391065,0.0000559,0.000207504,0.000678377,0.000114344,0.004837631,0.011777434,0.002805826,0.919440242,0.000747634
AWGB16SAA2212657-11-17,66,Healthy,0.235820504,0.000338713,0.425007922,0.006686844,0.002731554,0.000295008,0.001595227,0.001354851,0.000131115,0.001180031,0.006162385,0.000163893,0.256372715,0.000437049,0.043519115,0.000841319,0,0.012423107,0.00274248,0.0000656,0.000251303,0.0000656,0.000557237,0.0000328,0.000295008,0.000928728,0.01051297,0.003988636,0.001499209,0.000037,0.983508704,0.000240614
AWGB16SAA2212659-12-11,67,Healthy,0.376474031,0.00039023,0.245930027,0.008621636,0.009048449,0.003414509,0.005024206,0.00148775,0.003694987,0.000451203,0.006682682,0.000061,0.276416716,0.015462849,0.022096753,0.001060937,0.000134141,0.009365511,0.00451203,0.000109752,0.006707072,0.0000976,0.00148775,0.0000854,0.000170725,0.001012158,0.00011566,0.001012029,0.148623641,0.114619477,0.730612422,0.000802394
AWGB16SAA2212661-12-13,68,Healthy,0.393663436,0.000497789,0.116760856,0.002342538,0.001171269,0.000717402,0.009545841,0.001756903,0.004758279,0.003016017,0.004860765,0.005065737,0.362829785,0.021522064,0.027744429,0.001039501,0.000146409,0.011698047,0.000556353,0.000292817,0.02673421,0.000190331,0.000483148,0.001083424,0.00033674,0.00118591,0.000117365,0.002560021,0.169687589,0.000865566,0.754392013,0.001540414
AWGB16SAA2212663-12-15,69,Healthy,0.207055717,0.000327694,0.301272389,0.002434297,0.002387484,0.000880092,0.020934957,0.000870729,0.002818167,0.000177891,0.004100855,0.000252792,0.252680068,0.070398008,0.085911972,0.000852004,0.002031702,0.010242774,0.001076708,0.0000562,0.031739493,0.000187254,0.000327694,0.000159166,0.000205979,0.000617937,0.0000866,0.00212079,0.058464548,0.03,0.870060507,0.002250634
AWGB16SAA2212665-12-17,70,Healthy,0.223295873,0.000323105,0.388705459,0.006058219,0.0023829,0.00027262,0.007754521,0.001534749,0.000434172,0.000979412,0.005775503,0.0000303,0.265592342,0.029422753,0.036571452,0.000999606,0.000262523,0.012479932,0.003927746,0.0000303,0.008693545,0.000141358,0.000424075,0,0.003049304,0.000858248,0.000142941,0.001617024,0.010809942,0.002001179,0.89953008,0.000223346
AWGB16SAA2212667-13-11,71,Healthy,0.294114626,0.000398007,0.392101479,0.003556389,0.000873048,0.0000385,0.001720419,0.001925842,0.005918755,0.001001438,0.006676253,0.000179745,0.24658484,0.000385168,0.019605074,0.000590592,0.003582067,0.013211278,0.004994351,0.0000899,0.000590592,0.000102712,0.000410846,0.000077,0.000205423,0.001065633,0.000114915,0.002925915,0.004578925,0.002687245,0.905725424,0.001387821
AWGB16SAA2212669-13-13,72,Healthy,0.512740912,0.000328456,0.150962588,0.005912207,0.001493945,0.000328456,0.001546922,0.001578708,0.000190716,0.001112512,0.006060542,0.00013774,0.24621481,0.000190716,0.049639228,0.0009112,0,0.01306407,0.00360242,0.0000424,0.0000848,0.002172047,0.000508577,0.0000424,0.000243693,0.00089001,0.000111197,0.001493213,0.043573227,0.032795088,0.84178296,0.000460672
AWGB16SAA2212671-13-15,73,Healthy,0.316310035,0.000455588,0.479939451,0.007686203,0.003336077,0.000396802,0.002204456,0.002086885,0.000308624,0.001366763,0.00781847,0.00016166,0.113676445,0.000308624,0.03837223,0.001381459,0.000132267,0.015019693,0.001249192,0.0000882,0.005305391,0.0000882,0.000411498,0.000352713,0.00032332,0.001219799,0.000124875,0.001082251,0.009315684,0.001748252,0.901540127,0
AWGB16SAA2212673-13-17,74,Healthy,0.379063536,0.000546506,0.117551654,0.009079049,0.003772654,0.000546506,0.001903956,0.002626754,0.000352584,0.001956844,0.010013398,0.000141034,0.43359072,0.000564135,0.004407306,0.001639518,0.0000529,0.019550807,0.00703406,0.0000529,0.002009731,0.000652281,0.00089909,0.0000353,0.00045836,0.001498484,0.000117533,0.003164357,0.006111729,0.053088864,0.920782591,0.000271231
AWGB16SAA2185995-11-12,1,Healthy,0.209898406,0.000838848,0.183940721,0.000186411,0.000652437,0,0.000233013,0.0000932,0.000932053,0.001165067,0.003168981,0.000139808,0.59632771,0,0.000512629,0.000139808,0.0000932,0.000186411,0.000186411,0.000372821,0.000326219,0.000279616,0.000233013,0,0,0.0000932,0.000017,0.000315355,0.00027274,0.0275,0.969606573,0
AWGB16SAA2185997-11-14,2,Healthy,0.097261338,0.000631252,0.662474507,0.00043702,0.000485578,0.000145673,0.000534136,0.00067981,0.007283675,0.00043702,0.000145673,0.0000971,0.220306886,0.000194231,0.001311061,0.000194231,0.002136545,0.000194231,0.000145673,0.000242789,0.003010586,0.000194231,0.000631252,0,0.00067981,0.000145673,0.0000369,0.000258271,0.000282868,0.000332,0.992571639,0.0000369
AWGB16SAA2185999-11-16,3,Healthy,0.4250698,0.000239804,0.365649783,0.000325448,0.004282215,0.000548124,0.000805056,0.000222675,0.003408643,0.000428222,0.000582381,0.000239804,0.189650743,0.0000514,0.00104486,0.000171289,0.000188417,0.000308319,0.000137031,0.000171289,0.001661499,0.001575855,0.000650897,0,0.000668026,0.001918432,0.0000283,0.000120248,0.00020513,0.000467,0.532806598,0
AWGB16SAA2186001-11-18,4,Healthy,0.218064751,0.0000911,0.023051692,0.000182227,0.000182,0,0,0.0135,0.000516309,0.001791897,0.000364,0.000152,0.723835267,0.000243,0.000364454,0,0.0000911,0.000151856,0.016370042,0.0000911,0.000668165,0,0.0000607,0,0.0000607,0.000121,0.000153186,0.0011106,0.004097733,0.000191483,0.972847733,0
AWGB16SAA2186003-12-12,5,Healthy,0.129246347,0.000139282,0.039235623,0.0000836,0.0000627,0.0000139,0.0000487,0.000160174,0.000599,0.000313,0.000146246,0.0000418,0.828607045,0,0.0000418,0.0000766,0.0000557,0.000236779,0.000167,0.0000418,0.000501414,0,0.0000348,0,0.0000766,0.0000696,0.0000513,0.000184612,0.0000513,0.000277,0.965959673,0.0000308
AWGB16SAA2186005-12-14,6,Healthy,0.583155585,0.000807484,0.115607289,0.0025291,0.016591505,0.011228594,0.019090133,0.000289475,0.088670851,0.000533244,0.000518008,0,0.143396916,0.000167591,0.003808885,0.000304711,0.005347675,0.000594186,0.000198062,0.000106649,0.005698093,0.0000305,0.000289475,0,0.000746542,0.000289475,0,0.000199574,0.0000641,0.000213829,0.97071255,0.0000356
AWGB16SAA2186007-12-16,7,Healthy,0.085357078,0.000426907,0.110007928,0.000121974,0.000280539,0.0000854,0.0000854,0.000121974,0.000975788,0.000561078,0.001390498,0.000061,0.786412149,0,0.001988169,0.000158566,0.000061,0.0000366,0.0000488,0.0000488,0.000317131,0.0000244,0.007135452,0.001305117,0.002768799,0.000219552,0.000206825,0.006618407,0.00237849,0.006411582,0.950465357,0.000206825
AWGB16SAA2186019-14-12,8,Healthy,0.31984789,0.000441609,0.530372915,0.000122669,0.0000981,0.0000981,0.0000736,0.000220805,0.000490677,0.000319,0.000736016,0.000220805,0.143253189,0.000368008,0.000147,0.000171737,0.0000981,0.001594701,0.000392542,0.000172,0.000368008,0.000147203,0.0000491,0,0.000196,0,0.001123225,0.000117821,0.0000628,0.00153167,0.995412844,0
AWGB16SAA2186021-14-14,9,Healthy,0.595564661,0.00058809,0.029537306,0.021057424,0.004116632,0.004875458,0.001062357,0.00582399,0.009257678,0.000379413,0.020469334,0.000170736,0.250924819,0.000341472,0.00030353,0.002105742,0.00204883,0.040597196,0.006791494,0.000189707,0.002504126,0.000113824,0.000265589,0.0000379,0.000815738,0.0000569,0.000100715,0.001858651,0.000430328,0.0000732,0.995440354,0.0000183
AWGB16SAA2186023-14-16,10,Healthy,0.034270862,0.0001444,0.053925265,0.000385066,0.000625732,0.0000642,0.000160444,0.000336933,0.003401415,0.00040111,0.000705954,0.000208577,0.899690343,0.000465288,0.001540263,0.000160444,0.000288799,0.001572352,0.000609688,0.000208577,0.000208577,0.000256711,0.0000481,0.000128355,0.0001444,0.0000481,0.0000623,0.000361492,0.000211909,0.000125,0.927514553,0
AWGB16SAA2186025-14-18,11,Healthy,0.088858478,0.000589873,0.161625218,0.000542683,0.000542683,0,0.000637063,0.00143929,0.007762729,0.000212354,0.002831391,0.000495493,0.724529281,0.000542683,0.000259544,0.000188759,0.003916757,0.001250531,0.000967392,0.000165164,0.000731443,0.0000472,0.000731443,0,0.000589873,0.000542683,0.000116207,0.0000951,0.000338056,0.00027467,0.989794948,0
AWGB16SAA2186029-15-14,12,Healthy,0.082625341,0.003004835,0.193392413,0.002150669,0.000915178,0.000549107,0.000655878,0.002791294,0.005765623,0.002043898,0.004758927,0.001479538,0.678208081,0.001174479,0.000320312,0.008480652,0.000198289,0.003523436,0.003508183,0.00112872,0.000137277,0.001265997,0.000686384,0.0000915,0.000762649,0.000381324,0.0000313,0.012594353,0.0000834,0.0231,0.894146962,0.0000209
AWGB16SAA2186031-15-16,13,Healthy,0.193385827,0.000561024,0.239438976,0.000580709,0.000226378,0.000255906,0.008454724,0.000728346,0.002598425,0.000383858,0.000807087,0.0000886,0.532253937,0.001604331,0.000324803,0.000403543,0.000374016,0.000492126,0.000374016,0.000108268,0.013287402,0.000354331,0.00121063,0,0.000541339,0.001161417,0,0.000529778,0.0000986,0.0000862,0.657504374,0
AWGB16SAA2186033-15-18,14,Healthy,0.218971312,0.000592666,0.319657004,0.00028508,0.000172548,0.00006,0.001537931,0.001410395,0.002648242,0.000345097,0.000247569,0.0000375,0.441131017,0.003338435,0.000855239,0.000397611,0.000487637,0.000532649,0.000367603,0.0000675,0.005041412,0.0000525,0.000787721,0,0.000510143,0.00046513,0,0.00117373,0.000248973,0.0000711,0.99055681,0
AWGB16SAA2186035-16-12,15,Healthy,0.235396822,0.000486708,0.22123593,0.000679846,0.004303119,0.000965691,0.000509885,0.000463532,0.007022504,0.001035221,0.001491027,0.0000541,0.511005014,0.00146785,0.001885029,0.000285845,0.001738244,0.00117428,0.000424904,0.000417178,0.006543522,0.000478983,0.000193138,0.000463532,0.000200864,0.0000773,0.0000466,0.000395864,0.000512295,0.00021,0.657833458,0.0000466
AWGB16SAA2186037-16-14,16,Healthy,0.065450952,0.002815218,0.290576488,0.000988199,0.000746895,0.000413665,0.000884783,0.068461512,0.004768635,0.001735094,0.002895653,0.005435095,0.514794259,0.002723293,0.002125777,0.002367081,0.000574534,0.001585715,0.010617395,0.000758385,0.00117205,0.000229814,0.002401554,0.010456525,0.003090995,0.001930435,0,0.00057642,0.00157407,0.00026604,0.99383674,0
AWGB16SAA2186039-16-16,17,Healthy,0.019959578,0.000546481,0.698411735,0.000251555,0.000372995,0.000225532,0.000494435,0.000719967,0.001743535,0.000372995,0.001032242,0.001491981,0.260090386,0.001630769,0.000199509,0.0000954,0.000598527,0.000268903,0.000147463,0.000190835,0.00050311,0.0000607,0.004545336,0.0000867,0.002428806,0.003530442,0.000281627,0.00168976,0.012335248,0.004618677,0.966373775,0
AWGB16SAA2186041-16-18,18,Healthy,0.078437215,0.075212087,0.127410082,0.009719204,0.014425436,0.006897217,0.015529692,0.005021735,0.228379373,0.019236837,0.000727407,0.001761551,0.191807474,0.002594125,0.001174367,0.002313679,0.06700028,0.00111302,0.004110285,0.00020157,0.116367524,0.00077999,0.007212718,0.0000526,0.020796817,0.001717731,0.006374822,0.164274251,0.00537179,0,0.734419579,0.087330599
AWGB16SAA2186043-11-12,19,Healthy,0.027540236,0.010788054,0.460553436,0.001271762,0.002017278,0.000920931,0.000175416,0.000350831,0.002236548,0.002982064,0.003815287,0.000394685,0.453054423,0,0.000219269,0.000219269,0.000482393,0.009472438,0.000219269,0.000657808,0.020567469,0,0.00078937,0.000394685,0.000745516,0.000131562,0.007777727,0.000394963,0.000410154,0.005878868,0.980327819,0
AWGB16SAA2186045-11-14,20,Healthy,0.064679885,0.060559006,0.372193024,0.000537506,0.000537506,0.000656952,0.001313903,0.00226947,0.00268753,0.019051601,0.000238892,0.005195891,0.441113235,0.000716675,0.001552795,0.009973722,0.000358337,0.003881988,0.001075012,0,0.001731964,0.000238892,0.002388915,0.000238892,0.000656952,0.006151457,0,0.000104936,0.00065585,0.001337933,0.987906135,0
AWGB16SAA2186047-11-16,21,Healthy,0.18561641,0.00046236,0.357530158,0.001260981,0.000294229,0.000840654,0.000210164,0.001008785,0.002690093,0.000672523,0.001303014,0.000336262,0.441511496,0.000126098,0.000210164,0.000294229,0,0.000252196,0.000210164,0.003362616,0.000588458,0,0.000504392,0,0.000336262,0.000378294,0,0.00546929,0.0000808,0.000467,0.983825629,0
AWGB16SAA2186144-13-15,22,Healthy,0.043072166,0.025014493,0.711893157,0.001309772,0.017413523,0.001953922,0.0000429,0.014343074,0.00605501,0.002469242,0.032572521,0.0000644,0.118502136,0.00141713,0.00077298,0.001180942,0.001846563,0.00180362,0.014407489,0.001331243,0.00012883,0.000107358,0.00115947,0,0.00038649,0.000751508,0.002113855,0.000440386,0.000044,0.000102757,0.995214468,0
AWGB16SAA2186051-12-12,23,Healthy,0.104228629,0.03370742,0.457621181,0.005227955,0.008446683,0.002630501,0.001996008,0.000323856,0.008506166,0.001183064,0.001837385,0.0005684,0.35944006,0.0000463,0.001890259,0.000912083,0.002141413,0.00103766,0.000482479,0.000125577,0.003456663,0.000707195,0.000984785,0.0000132,0.001255767,0.001229329,0.0000456,0.001141005,0.000867164,0.00349,0.925104402,0
AWGB16SAA2186053-12-14,24,Healthy,0.51092933,0.003355102,0.050326533,0.00051617,0.000796697,0.000583496,0.001739267,0.001368971,0.004970937,0.001851478,0.001716825,0.000639601,0.398774658,0.001750488,0.000673265,0.000302969,0.000437622,0.001907583,0.003074575,0.000224422,0.000864023,0.000179537,0.006014498,0.000145874,0.001930025,0.004926053,0,0.00084409,0.000281363,0.004783174,0.986389055,0.000105511
AWGB16SAA2186055-12-16,25,Healthy,0.13227077,0.000664102,0.162155354,0.000515251,0.000389301,0,0.0001374,0.000961803,0.001648805,0.001351104,0.000538152,0.0001145,0.696161949,0.0001145,0.000229001,0.000251901,0.0000229,0.000343501,0.000561052,0.0001603,0,0.000561052,0.0001374,0.000515251,0.0001145,0.0000802,0,0.0000929,0.0000744,0.0000558,0.997063088,0
AWGB16SAA2186057-12-18,26,Healthy,0.208259719,0.006452469,0.047024811,0.000405025,0.001075411,0.001298874,0.000851949,0.004797453,0.014545988,0.002458083,0.001131277,0.000125697,0.693556609,0.0000279,0.000251395,0.00096368,0.001061445,0.009601888,0.000572622,0.000125697,0.00131284,0.001766747,0.000425975,0.000125697,0.000446924,0.00133379,0,0.002949545,0.000156613,0.003053953,0.984495315,0
AWGB16SAA2186059-13-12,27,Healthy,0.05203738,0.001138466,0.058915611,0.000426925,0.000711541,0.000142308,0.002039751,0.000711541,0.001185902,0.001280774,0.001565391,0.000379489,0.837151938,0.000142308,0.02964755,0.001138466,0.000379489,0.000664105,0.000664105,0.000284616,0.000189744,0,0.00327309,0.000521797,0.00327309,0.002134624,0,0.000371806,0.000902959,0.005152175,0.981622138,0.000159346
AWGB16SAA2212628-14-12,51,Healthy,0.234415906,0.000198118,0.275100828,0.008264346,0.000919833,0.015467346,0.001938725,0.0011038,0.104365669,0.000297177,0.008434161,0.000155664,0.300247647,0.000537749,0.001471733,0.001740607,0.017278709,0.018226845,0.004924644,0.0000425,0.003481214,0.000198118,0.000212269,0,0.0005519,0.000424538,0.0000499,0.000612485,0.026801367,0.000874,0.396604495,0.000151401
AWGB16SAA2212630-14-14,52,Healthy,0.288018014,0.000615393,0.255318256,0.006321767,0.007720388,0.003258787,0.00276927,0.001244773,0.029832585,0.00051749,0.008014098,0.000042,0.375026224,0.000531476,0.001384635,0.000377628,0.00295109,0.009944195,0.001062952,0.00029371,0.003440608,0.000195807,0.000223779,0.000223779,0.000503504,0.000167835,0.000307139,0.001184678,0.0001426,0.000011,0.989699882,0.0000219
AWGB16SAA2212632-14-16,53,Healthy,0.492778853,0.000284227,0.244399837,0.00630629,0.012843515,0.000284227,0.00397918,0.00165207,0.003730482,0.00033752,0.010587462,0.000159878,0.189703871,0.00067504,0.001847477,0.003002149,0.000106585,0.014619935,0.00685698,0.000195406,0.004334464,0.000230935,0.000408577,0.0000711,0.000177642,0.000426341,0.000288707,0.00073208,0.000463994,0.000680525,0.736286398,0.0000309
AWGB16SAA2212634-14-18,54,Healthy,0.640214445,0.000287744,0.07696385,0.007708501,0.011873211,0.002725992,0.00340749,0.001347852,0.00368009,0.000333177,0.008692887,0.0001363,0.205554967,0.000575487,0.001575018,0.002317093,0.000817798,0.020444943,0.005739728,0.000121155,0.003513501,0.00024231,0.000287744,0.000393754,0.000605776,0.000439188,0.0000474,0.0000147,0.010281668,0.00041,0.261068797,0.00000327
AWGB16SAA2212636-15-12,55,Healthy,0.469909018,0.000386608,0.183200598,0.011701333,0.024536715,0,0.005696023,0.002242326,0.00407227,0.000489703,0.013943658,0.000257739,0.243794943,0.000979407,0.002680481,0.003299054,0.000489703,0.022861414,0.000541251,0.000283512,0.006185726,0.000360834,0.000463929,0,0.000953633,0.00067012,0.000546214,0.002165347,0.00115095,0.0000975,0.717685615,0.0000585
AWGB16SAA2212638-15-14,56,Healthy,0.367419941,0.000468431,0.222646491,0.003520327,0.012051442,0.00049682,0.003051896,0.001462071,0.019347604,0.000383261,0.007736203,0.000127754,0.324409494,0.000539405,0.001391097,0.001206564,0.000113559,0.014123893,0.005039178,0.001376902,0.003137066,0.000184533,0.001547241,0.000255508,0.007920736,0.0000426,0.0000942,0.002673501,0.016333372,0.00163,0.696975013,0.00104926
AWGB16SAA2212640-15-16,57,Healthy,0.581089397,0.000948025,0.09427027,0.003592516,0.0122079,0.001679834,0.003559252,0.011392931,0.006902287,0.001114345,0.009530146,0.000149688,0.244340956,0.000632017,0.00172973,0.001829522,0.000199584,0.015434511,0.00239501,0.000864865,0.003925156,0.000349272,0.000282744,0.000515593,0.000598753,0.000465696,0.000116857,0.002691736,0.016098031,0.001047682,0.540067777,0.001337809
AWGB16SAA2212642-15-18,58,Healthy,0.200872635,0.000188738,0.269617639,0.005273559,0.010580425,0.000610623,0.002398082,0.002620126,0.001909583,0.000244249,0.025157652,0.000122125,0.452715605,0.000421885,0.00114353,0.002275957,0.00039968,0.014721556,0.004052314,0.0000222,0.002708944,0.000832667,0.000188738,0.00019984,0.00039968,0.000321965,0.000130873,0.001341447,0.0000561,0.000967525,0.879274403,0
AWGB16SAA2212644-16-12,59,Healthy,0.615041384,0.000234118,0.049825789,0.004888932,0.002713013,0.006458899,0.002410037,0.001528652,0.007629488,0.000275433,0.007546858,0.000151488,0.235274675,0.000509551,0.001225676,0.001101731,0.003318965,0.016663683,0.004833845,0.002533982,0.033905774,0.000977786,0.000275433,0,0.000330519,0.000344291,0.000219591,0.004501608,0.000313701,0.00087052,0.981193632,0.0000157
AWGB16SAA2212646-16-14,60,Healthy,0.646396104,0.000467982,0.109637834,0.003275876,0.007730373,0.001785265,0.001819931,0.0008753,0.002088587,0.00025999,0.004705821,0.003119881,0.200426384,0.000303322,0.000719306,0.001975925,0.0000953,0.008657671,0.002469906,0.000129995,0.002019257,0.000199326,0.000225325,0.000207992,0.000190659,0.000216658,0.0000674,0.000967933,0.012376059,0.0000843,0.484587714,0
AWGB16SAA2212648-16-16,61,Healthy,0.535234118,0.000257007,0.340663401,0.006409124,0.011709903,0.000144567,0.003228656,0.002425508,0.019323749,0.000337322,0.009011324,0.00016063,0.034840575,0.00059433,0.001349289,0.001285037,0.001011967,0.019902016,0.006489439,0.000192756,0.003855112,0.000289133,0.00027307,0,0.000562204,0.000449763,0.000276257,0.000572246,0.000246658,0.001302353,0.717221647,0.0000197
AWGB16SAA2212650-16-18,62,Healthy,0.228270284,0.000402572,0.312334549,0.005623803,0.011381796,0.000756347,0.002781404,0.00169568,0.000792944,0.00028058,0.035475095,0.018018128,0.324484891,0.000463567,0.001256511,0.006904713,0,0.040720725,0.003391361,0.000487966,0.002927793,0.000268381,0.000195186,0.000256182,0.000463567,0.000365974,0.000496357,0.001364982,0.000762263,0.001063622,0.828880892,0.002091791
AWGB16SAA2212652-11-12,63,Healthy,0.348050547,0.000269687,0.167572045,0.008129142,0.018107567,0.000674218,0.004276468,0.010479273,0.004584682,0.000462321,0.010614116,0.000211897,0.38569117,0.000732008,0.001964864,0.002562028,0.000366004,0.021247496,0.007570504,0.0000771,0.004314995,0.000250424,0.000288951,0.00017337,0.000770535,0.000558638,0.000157538,0.001400962,0.030658002,0.001777928,0.681160154,0
AWGB16SAA2212654-11-14,64,Healthy,0.82027789,0.0000729,0.080019998,0.001656089,0.00276,0.000374964,0.000774,0.000486,0.001038094,0.000124988,0.00193,0.0000278,0.082686405,0.000132,0.000322885,0.000329829,0.0000312,0.004350272,0.0010867,0.0000243,0.000802005,0.000392,0.000066,0,0.000135404,0.000101,0.0000884,0.000944093,0.016838961,0.00059,0.521272095,0.00000947
AWGB16SAA2212656-11-16,65,Healthy,0.218813463,0.000148317,0.261209355,0.005647461,0.010918426,0,0.002578437,0.115778665,0.001996577,0.00022818,0.050347975,0.000125499,0.302635482,0.000433542,0.001186537,0.003548203,0.0000228,0.016041072,0.004643468,0.0000114,0.002521392,0.000159726,0.000182544,0.0000342,0.000456361,0.000330861,0.000274311,0.001018869,0.000372279,0.001332367,0.886278582,0.0000294
AWGB16SAA2213100-12-14,66,Healthy,0.370643056,0.000906889,0.314046037,0.006276625,0.011682159,0,0.002732599,0.000906889,0.003472429,0.001670585,0.007183514,0.0000358,0.245683329,0.000453444,0.001252938,0.008173932,0,0.016849039,0.003448564,0.000286386,0.002971254,0.000155126,0.000322184,0,0.000489243,0.000357982,0.000187438,0.000247685,0.021381282,0.001599914,0.584042361,0.0000134
AWGB16SAA2212660-12-12,67,Healthy,0.528056279,0.000480068,0.24045865,0.006370132,0.011983235,0.003932864,0.003582045,0.002031057,0.004449861,0.000424675,0.007976514,0.000203106,0.151664543,0.000609317,0.001329419,0.002418804,0.0000923,0.020772171,0.007256412,0.000184642,0.0039144,0.000258498,0.000313891,0,0.000683174,0.000553925,0.0000889,0.001425791,0.064960799,0.00351,0.70576953,0.00095582
AWGB16SAA2212662-12-14,68,Healthy,0.833081967,0.000128093,0.022490713,0.001913136,0.003900649,0.001041275,0.000305771,0.000334696,0.00242551,0.000095,0.002276756,0.000776824,0.105933201,0.0000496,0.016999227,0.000801616,0.0000124,0.005231167,0.001351178,0.0000992,0.000148754,0.000107433,0.0000661,0.000148754,0.000165282,0.000115697,0.0000885,0.000176943,0.0345099,0.000946,0.647811099,0.001119619
AWGB16SAA2212664-12-16,69,Healthy,0.233014354,0.000615174,0.382934609,0.001378446,0.010993393,0.00452267,0.000888585,0.001948052,0.001629073,0.000364548,0.006106175,0.0000911,0.333014354,0.000136705,0.0000456,0.001742994,0.000672135,0.014980633,0.002187286,0.000102529,0.001355662,0.000410116,0.000193666,0.000113921,0.000398724,0.00015949,0.000117635,0.000911669,0.020434828,0.000785632,0.87291671,0.000365508
AWGB16SAA2212666-12-18,70,Healthy,0.400941834,0.000547243,0.069226227,0.005875661,0.011535304,0.008453463,0.000100808,0.001339305,0.007387779,0.000820864,0.006840536,0.000144011,0.293581417,0.084736243,0.081495989,0.001987356,0.001843345,0.017151745,0.004061118,0.000144011,0.000187215,0.000518441,0.000244819,0,0.000417633,0.000417633,0.0002341,0.001095254,0.000526725,0.002775757,0.99111256,0.0000167
AWGB16SAA2212668-13-12,71,Healthy,0.316490831,0.000283226,0.311052892,0.003186292,0.017290944,0.000311549,0.003172131,0.001175388,0.012504425,0.000283226,0.008270198,0.00011329,0.295333853,0.000538129,0.001444452,0.002025065,0.000495645,0.015379169,0.005522906,0.0000991,0.00338455,0.000240742,0.000226581,0.000269065,0.000495645,0.000410678,0.000315911,0.0010022,0.000196083,0.000261444,0.624468943,0.001056668
AWGB16SAA2212670-13-14,72,Healthy,0.329683555,0.000895321,0.267642224,0.005841602,0.013532554,0,0.003346445,0.001188869,0.002627253,0.000469677,0.008234016,0.005577409,0.333705161,0.000557741,0.001526449,0.002583221,0.000132097,0.010890624,0.003419832,0.000132097,0.003595961,0.002906123,0.000249516,0.000454999,0.000381612,0.000425644,0.000430398,0.001890679,0.0000154,0.000845425,0.7889818,0.00146028
AWGB16SAA2212756-12-13,73,Healthy,0.293500608,0.000461545,0.085231961,0.004014042,0.013650541,0,0.003202842,0.001664359,0.001566455,0.000391614,0.008391726,0.004237822,0.563644247,0.000531476,0.001314704,0.0004056,0,0.010126016,0.00439167,0.000153848,0.001552469,0.000265738,0.000391614,0.000014,0.00051749,0.000377628,0.000109257,0.000479949,0.017703501,0.000323868,0.46484468,0.000358987
AWGB16SAA2212674-13-18,74,Healthy,0.363005755,0.000267654,0.18196012,0.010594638,0.020676272,0.000200741,0.005063122,0.001895883,0.001159834,0.000423786,0.013248874,0.00024535,0.34623277,0.000847571,0.002319668,0.004393987,0.0000892,0.030356426,0.009077932,0.0000446,0.005553821,0.000535308,0.000334568,0.000223045,0.00089218,0.000356872,0.000167156,0.000680565,0.000167156,0.002346157,0.763396375,0.0000179
AWGB16SAA2186060-13-13,28,Type3,0.301352285,0.0007074,0.454216431,0.00014806,0.000246767,0.0000658,0,0.000213865,0.000246767,0.000329023,0.00027967,0.0000494,0.241141052,0,0.0000987,0.000246767,0,0,0.000180963,0.0000494,0.000213865,0.0000658,0.0000494,0.0000494,0.0000494,0,0,0.0000173,0.0000259,0.0000432,0.999290835,0
AWGB16SAA2186062-13-15,29,Type3,0.007561805,0.000498342,0.228955864,0.000216671,0.000671679,0.000281672,0.000130002,0.0000867,0.001755032,0.000606678,0.000151669,0.000151669,0.755508851,0.000260005,0.000455008,0.000346673,0,0.000173337,0.000411674,0.000238338,0.000541677,0,0.000130002,0,0.000866683,0,0,0.004592225,0.00174361,0,0.984494066,0
AWGB16SAA2186064-13-17,30,Type3,0.280960603,0.00022423,0.51034823,0,0.0000448,0,0,0.0000673,0.000762,0.000112115,0.000112115,0,0.205686481,0.000224,0.0000897,0.0000448,0.00022423,0.0000448,0,0,0.00022423,0.0000448,0.000403615,0.0000448,0.000336345,0,0.0000465,0,0.0000232,0.006276078,0.992829,0
AWGB16SAA2186066-14-12,31,Type3,0.04991421,0.009795664,0.21491187,0,0.000655124,0.000467946,0.000311964,0.004429886,0.005989705,0.004367493,0.00215255,0.000436749,0.695585712,0.000280767,0.000467946,0.000935891,0.001372641,0.002183747,0.001778194,0.001591015,0.000218375,0.001403837,0.0000936,0.000249571,0.000405553,0,0,0.021808159,0.017629426,0.122097749,0.760783417,0.0000635
AWGB16SAA2186068-14-14,32,Type3,0.076461409,0.010262874,0.098847677,0.011943344,0.024726924,0.032349058,0.020165646,0.007862201,0.142960029,0.006901933,0.00450126,0.004381227,0.257292042,0.096386988,0.023586604,0.000840235,0.033849478,0.015124235,0.025807226,0.001260353,0.079462249,0.012003361,0.003060857,0.001440403,0.003781059,0.004741328,0.000655129,0.012092592,0.029371622,0.008898837,0.945569689,0
AWGB16SAA2186070-14-16,33,Type3,0.069861751,0.009032258,0.094331797,0.001152074,0.001658986,0.000460829,0.002903226,0.005023041,0.004423963,0.003364055,0.002718894,0.006267281,0.749493088,0.025898618,0.0000922,0.001935484,0.00124424,0.002442396,0.007050691,0.00202765,0.003225806,0.003179724,0.000645161,0.000414747,0.001152074,0,0.000160958,0.000273629,0.035088849,0.0000483,0.932462014,0
AWGB16SAA2186072-14-18,34,Type3,0.171513243,0.005556585,0.202028153,0.001852195,0.002037414,0.000463049,0.003380256,0.015604742,0.010325986,0.003796999,0.001852195,0.000509354,0.503148731,0.060613076,0.004537877,0.000926097,0.001157622,0.002824597,0.002083719,0.0018985,0.002176329,0.0000926,0.000370439,0.000324134,0.000833488,0.0000926,0.004783043,0.025425649,0.01809165,0.003818043,0.940656703,0.005890695
AWGB16SAA2186074-15-12,35,Type3,0.100248186,0.018073648,0.081010794,0.000949995,0.009309948,0.000486872,0.001686241,0.000985619,0.011008063,0.003657479,0.00086687,0.000569997,0.704979159,0.023357994,0.000178124,0.001282493,0.002933109,0.001448742,0.000261249,0.000427498,0.000593747,0.0000831,0.014523043,0.008799326,0.012231181,0.0000475,0.000388321,0.00012135,0.002645438,0.0000728,0.994102371,0
AWGB16SAA2186076-15-14,36,Type3,0.244269332,0.000944648,0.575326741,0.000203279,0.000298939,0.000239151,0.0003946,0.000454388,0.00167406,0.000334812,0.000609836,0.000107618,0.16332851,0.004675412,0.003073097,0.000322855,0.00044243,0.000502218,0.00034677,0.000143491,0.000801157,0.000215236,0.000263067,0.000382642,0.000502218,0.000143491,0.0000276,0.0000551,0.0000459,0.000128597,0.384753874,0
AWGB16SAA2186078-15-16,37,Type3,0.233278097,0.000417019,0.207598521,0.000823063,0.000899883,0.000142664,0.00346784,0.000109742,0.007451467,0.000658451,0.000175587,0.000482864,0.530689288,0.00160223,0.000406045,0.000142664,0.000142664,0.004433568,0.000120716,0.000109742,0.000274354,0.003160563,0.000351174,0.000614554,0.001700998,0.000746244,0.0000238,0.000309719,0.000142947,0.0000834,0.205939462,0.000441
AWGB16SAA2186080-15-18,38,Type3,0.421648288,0.000252987,0.429557867,0.000104171,0.000178579,0.000037204,0.000230665,0.000282751,0.000483653,0.00018602,0.000654791,0.0000521,0.142803994,0.000684554,0.000625028,0.0000818,0.0000744,0.000208343,0.000282751,0.000885456,0.000156257,0.000037204,0.000133935,0.000119053,0.000215783,0.0000223,0,0.000204233,0.000204233,0.0000383,0.979142733,0
AWGB16SAA2186082-16-12,39,Type3,0.131883597,0.001038717,0.157122753,0.000175912,0.000385331,0.0000586,0.000653387,0.000762285,0.002018797,0.000368577,0.009088777,0.001733988,0.6824373,0.000217796,0.000577996,0.001348657,0.00030994,0.002596793,0.000812545,0.001759118,0.000201042,0.0000586,0.001365411,0.000686894,0.002236593,0.000100521,0.0000488,0.02503962,0.001499451,0.003267097,0.953809582,0.0145
AWGB16SAA2212675-14-11,75,Type3,0.061084744,0.00462799,0.478926117,0.000661141,0.000708366,0.000306959,0.001156997,0.002337607,0.00462799,0.001133385,0.00118061,0.0000708,0.394559751,0.018748082,0.00958655,0.000613917,0.000826427,0.008169819,0.000566693,0.001652854,0.001133385,0.000236122,0.000330571,0.000448632,0.000708366,0.00559609,0.000838258,0.008479567,0.015206412,0.039217996,0.66865955,0.001440972
AWGB16SAA2212677-14-13,76,Type3,0.119775116,0.004599898,0.463456368,0.000799982,0.000799982,0.000244439,0.001177752,0.00166663,0.00488878,0.001866625,0.00128886,0.0000889,0.348258928,0.018155152,0.00424435,0.00064443,0.000711095,0.001266639,0.001311082,0.001266639,0.001266639,0.000266661,0.000244439,0.000422213,0.021177307,0.000111109,0.00275712,0.008869944,0.008144386,0.098612371,0.584908398,0.002149465
AWGB16SAA2212679-14-15,77,Type3,0.338343496,0.003836388,0.343273347,0.000667198,0.000648665,0.000222399,0.000982264,0.001149063,0.003669589,0.001797728,0.000889597,0.000259466,0.279722742,0.015049021,0.003206257,0.000537465,0.000611598,0.000852531,0.000982264,0.000759864,0.001056397,0.000185333,0.000277999,0.000352132,0.000574532,0.0000927,0.001042738,0.006473375,0.011428132,0.055272127,0.704751107,0.001574605
AWGB16SAA2212681-14-17,78,Type3,0.31193634,0.003371267,0.346265081,0.0003936,0.000359374,0.000342261,0.000906991,0.001831094,0.002361598,0.001488834,0.001026782,0.000154017,0.306271926,0.014049799,0.004021562,0.000479165,0.000667408,0.00073586,0.000479165,0.00056473,0.001009669,0.000136904,0.000239582,0.000325148,0.000513391,0.0000685,0.000333004,0.01709062,0.011193228,0.038284708,0.382621493,0.00286813
AWGB16SAA2212683-15-11,79,Type3,0.042491142,0.005587354,0.465549196,0.008149359,0.000872172,0.000327065,0.000327065,0.002153175,0.005396566,0.002616517,0.001608068,0.000381575,0.446415917,0.00749523,0.002562006,0.000763151,0.000926683,0.001935132,0.001499046,0.001144726,0.000163532,0.000926683,0.0000818,0.000218043,0.000327065,0.0000818,0.000883587,0.008614977,0.006240336,0.07100913,0.715098299,0.001840807
AWGB16SAA2212685-15-13,80,Type3,0.185393635,0.002434394,0.492462312,0.000781686,0.00080402,0.000245673,0.001094361,0.00734785,0.004868788,0.001451703,0.000893356,0.000223339,0.280156337,0.013668342,0.000893356,0.000424344,0.000714685,0.001295366,0.001049693,0.000603015,0.00120603,0.000469012,0.000335008,0.000424344,0.000647683,0.000111669,0.004091027,0.016053854,0.013182199,0.040628878,0.725634217,0.001724436
AWGB16SAA2186061-13-14,28,Type3,0.619276582,0.000327833,0.256125014,0.000371544,0.000218555,0.000240411,0.000174844,0.000262266,0.000677522,0.000524533,0.000874221,0.000109278,0.117604633,0.000240411,0.000131133,0.000371544,0.000305977,0.000721233,0.000305977,0.00102721,0,0,0,0,0.000109278,0,0.0000166,0.000083,0,0.0000249,0.999153323,0
AWGB16SAA2186063-13-16,29,Type3,0.023850709,0.000345957,0.02952848,0.000142453,0.002381001,0.000366308,0.000203504,0.000407009,0.002055394,0.000630863,0.000427359,0.000223855,0.935753678,0.0000611,0.000284906,0.000162803,0.000223855,0.000976821,0.000122103,0.000203504,0.000264556,0.000122103,0.000386658,0,0.000712265,0.000162803,0.0000316,0.000316366,0,0.003622386,0.991663767,0
AWGB16SAA2186065-14-11,30,Type3,0.120668637,0.000314001,0.251810122,0.00029553,0.000166236,0,0.000332471,0,0.003768009,0.000720355,0.000314001,0,0.616050979,0.0000739,0,0.000498707,0.000794237,0.000203177,0.0000554,0.0000554,0.000129294,0,0.001680827,0.000258589,0.001810122,0,0,0.0000656,0.0000984,0,0.978932861,0
AWGB16SAA2186067-14-13,31,Type3,0.093798293,0.018779816,0.211516495,0.000638312,0.002989989,0.000100786,0.001612578,0.003796278,0.006080763,0.010179399,0.001881341,0.000167977,0.593932675,0.043438823,0.000739098,0.00043674,0.000571121,0.001545387,0.0021837,0.002049318,0.000537526,0.000604717,0.000470335,0.000537526,0.00131022,0.000100786,0.000108816,0.000217631,0.000248721,0.000248721,0.975998383,0
AWGB16SAA2186069-14-15,32,Type3,0.055660241,0.006903174,0.072202493,0.008896217,0.008624438,0.012791709,0.015400783,0.013081606,0.113784606,0.004239745,0.004855776,0.004131033,0.571677055,0.016977098,0.007428613,0.000308016,0.010182635,0.005127555,0.028228729,0.000144949,0.031852442,0.002699667,0.001050877,0.000616031,0.001848094,0.001286418,0.00503876,0.096124031,0.026666667,0.004108527,0.631705426,0.016821705
AWGB16SAA2186071-14-17,33,Type3,0.093658044,0.013307567,0.134942246,0.001207783,0.002481444,0.001185823,0.005116606,0.004875049,0.010606526,0.005138566,0.001800694,0.000417234,0.594799947,0.061025956,0.009223066,0.000483113,0.0013615,0.007356493,0.004984848,0.001119944,0.014449471,0.027976635,0.000900347,0.000922307,0.000614871,0.0000439,0.00059307,0.01965602,0.019232399,0.000423621,0.813945607,0
AWGB16SAA2186073-15-11,34,Type3,0.339622642,0.000599395,0.105050558,0.002110914,0.001876368,0.001068487,0.00310122,0.010789117,0.005238195,0.002632128,0.002084854,0.000130303,0.438601063,0.070937142,0.002684249,0.000651517,0.000521213,0.004013343,0.000729699,0.003283644,0.001094548,0.002475764,0.000156364,0.000260607,0.000182425,0.000104243,0.002028193,0.001277425,0.017088366,0.002767755,0.947379037,0
AWGB16SAA2186075-15-13,35,Type3,0.484553728,0.00622084,0.105137714,0.001279137,0.006911022,0.001159506,0.002438643,0.000828218,0.004996917,0.003487719,0.001030672,0.000358895,0.32689777,0.022582753,0.001444781,0.000552146,0.000524538,0.000800611,0.000450919,0.000294478,0.001398769,0.000248465,0.00929445,0.005769921,0.011282174,0.0000552,0.025818682,0.002166603,0.004084949,0.005416507,0.951635108,0
AWGB16SAA2186077-15-15,36,Type3,0.060140357,0.001976548,0.233277072,0.000266501,0.000222084,0.000266501,0.000821711,0.000599627,0.003331261,0.000843919,0.001265879,0.000310918,0.676445767,0.003420094,0.009660656,0.000266501,0.000288709,0.000799503,0.001221462,0.0000444,0.000621835,0.000888336,0.000621835,0.000510793,0.001887714,0,0,0.007589511,0.001965629,0.001119316,0.87507337,0
AWGB16SAA2186079-15-17,37,Type3,0.089136828,0.000333505,0.330806779,0.000576054,0.000485098,0.000485098,0.00157657,0.000424461,0.004911621,0.000333505,0.000303186,0.000333505,0.545856957,0.00291059,0.000242549,0.000272868,0.000121275,0.01615984,0.000212231,0.000576054,0.000636692,0.001758482,0.000363824,0.000545736,0.000636692,0,0,0.000496827,0.000071,0.0000568,0.017999347,0.000071
AWGB16SAA2186081-16-11,38,Type3,0.14371141,0.000229995,0.564,0.0000885,0.000106151,0.0000531,0.000159227,0.000531,0.001026131,0.000406914,0.000406914,0.0000708,0.287,0.00083152,0.0000708,0.000141535,0.000212303,0.0000354,0.000106151,0.000123843,0.000495374,0.0000531,0.000159,0.0000531,0.000566141,0.0000708,0,0.00078959,0.000189502,0.0000948,0.894226518,0
AWGB16SAA2186083-16-13,39,Type3,0.153664633,0.000209335,0.300154781,0.000304487,0.00067241,0.000133213,0.000222022,0.000469418,0.004053488,0.000253739,0.012490326,0.0000507,0.515230713,0.001560498,0.0000444,0.000488449,0.000983241,0.00150975,0.000101496,0.001401911,0.000405983,0.0000634,0.001319445,0.001566841,0.002531051,0.000114183,0.000167757,0.00805234,0.002180842,0.000335514,0.971732931,0
AWGB16SAA2212676-14-12,75,Type3,0.005329492,0.0028568,0.210634978,0.001104309,0.001632457,0.000936262,0.001872524,0.001944544,0.004609291,0.006505822,0.001368383,0.000648181,0.708294322,0.032769175,0.008162285,0.000360101,0.000456128,0.001104309,0.000936262,0.005113432,0.000840235,0.000696195,0.000384108,0.000360101,0.001056296,0.000024,0.00101584,0.002149801,0.023919489,0.062946645,0.847316883,0
AWGB16SAA2212678-14-14,76,Type3,0.013037457,0.020839666,0.256560948,0.001587462,0.000540413,0.000168879,0.003411355,0.001317256,0.004829939,0.005978316,0.001891445,0.001452359,0.609619347,0.045935083,0.020400581,0.000878171,0.000472861,0.002837167,0.000878171,0.002668288,0.001182153,0.000911946,0.000540413,0.000540413,0.001452359,0.0000676,0.002497197,0.000331261,0.003516461,0.001350525,0.902214351,0
AWGB16SAA2212680-14-16,77,Type3,0.011138397,0.033283634,0.131424312,0.002061042,0.000263112,0.000394668,0.004385196,0.003332749,0.006490089,0.011357657,0.002674969,0.00201719,0.702815296,0.059682512,0.011182249,0.001052447,0.000613927,0.003771268,0.001227855,0.003288897,0.001534818,0.002631117,0.000701631,0.000657779,0.001929486,0.0000877,0.002278769,0.00067651,0.014420338,0.080599601,0.837067983,0
AWGB16SAA2212682-14-18,78,Type3,0.025367946,0,0.239183492,0.001134038,0.000912161,0.000172571,0.001060079,0.001528487,0.004141705,0.000640978,0.001380568,0.000320489,0.676330646,0.033552745,0.005349703,0.000419101,0.000345142,0.002095506,0.00123265,0.001331262,0.000862855,0.00073959,0.000394448,0.000369795,0.001084732,0.000049306,0.002723189,0.006864443,0.029553497,0.002083176,0.872499561,0
AWGB16SAA2212684-15-12,79,Type3,0.162846986,0.013236518,0.190025969,0.000529461,0.001260621,0.000176487,0.00209263,0.001890931,0.004134836,0.005546731,0.001411895,0.000151274,0.569926632,0.03623024,0.001941356,0.000252124,0.000378186,0.001764869,0.001689232,0.000655523,0.000504248,0.001437108,0.000378186,0.000428611,0.001058921,0.0000504,0.000233947,0.002724796,0.005078028,0.00034404,0.981215424,0
AWGB16SAA2212686-15-14,80,Type3,0.335602492,0.004376235,0.109132351,0.001337183,0.002492022,0.001246011,0.00234007,0.012612065,0.006017323,0.005926151,0.002431241,0.0000912,0.453639265,0.041604619,0.008053487,0.000668591,0.00060781,0.002431241,0.000911716,0.003282176,0.000881325,0.001975384,0.000486248,0.000455858,0.001337183,0.000060781,0.002313857,0.001874354,0.018291107,0.001977766,0.912745605,0
AWGB16SAA2186084-16-14,40,Type5,0.402122435,0.002543413,0.209553879,0.002558031,0.002207215,0.000716249,0.001754078,0.00359586,0.004823715,0.002470327,0.00359586,0.001052447,0.325615389,0.003800503,0.00425364,0.000891656,0.000482372,0.011956967,0.003698182,0.001154768,0.000950126,0.000833187,0.006183126,0.001622522,0.001242472,0.000321581,0.00030936,0.000321734,0.00011137,0,0.986412909,0
AWGB16SAA2186086-16-16,41,Type5,0.085806303,0.009072349,0.094073499,0.002832413,0.002731769,0.00076202,0.007778353,0.008252818,0.008626639,0.165085116,0.007188866,0.012379227,0.322995744,0.011717851,0.044240281,0.002056016,0.000589487,0.013126869,0.022889349,0.004140787,0.000373821,0.05147228,0.011401541,0.013888889,0.095281228,0.001236485,0.000229896,0.007635844,0.001215167,0.001346536,0.873228566,0.001362957
AWGB16SAA2186088-16-18,42,Type5,0.153673654,0.001569746,0.312307706,0.004458079,0.002018245,0.001345497,0.00391091,0.0200479,0.01980571,0.002933183,0.102742122,0.000430559,0.185543984,0.007220832,0.013284537,0.003175372,0.003067732,0.03587094,0.07580528,0.013463936,0.005301257,0.000287039,0.015275872,0.009409506,0.001094337,0.005956065,0.0000355,0.000449268,0,0.998427561,0.000390154,0
AWGB16SAA2186090-11-12,43,Type5,0.050374436,0.009860924,0.154658356,0.003255965,0.003255965,0.000558165,0.000744221,0.023629006,0.01116331,0.000883762,0.041211219,0.033815526,0.519791618,0.000093,0.001395414,0.072049863,0.002232662,0.032652682,0.035117912,0.000325597,0.000837248,0.000651193,0.000651193,0.000558165,0,0.000232569,0,0.000089,0,0.998855501,0.000330633,0
AWGB16SAA2186092-11-14,44,Type5,0.124705446,0.023220101,0.358521539,0.002488814,0.003441976,0.000211814,0.001085546,0.00616908,0.013714951,0.012629405,0.005613069,0.011755673,0.402737695,0.000423628,0.000529535,0.000953163,0.00105907,0.012126347,0.006433848,0.005189441,0.000847256,0.000503058,0.000582488,0.003256639,0.000423628,0.00137679,0,0.000173147,0,0.997575944,0.000404009,0
AWGB16SAA2212687-15-15,81,Type5,0.221069668,0.001460836,0.210686173,0.003541739,0.002017845,0.001313701,0.004624229,0.013651985,0.013809629,0.029111623,0.120103835,0.000115606,0.21425944,0.008344631,0.017666656,0.003215941,0.001828672,0.033798909,0.048522874,0.006946853,0.006022007,0.0000841,0.009563746,0.005528055,0.015869513,0.006841757,0.0000732,0.0000458,0.00016481,0.5531648,0.429585138,0.000183122
AWGB16SAA2212689-15-17,82,Type5,0.381218572,0.006190818,0.096427872,0.003826814,0.002390126,0.001645661,0.004231699,0.002311761,0.021249918,0.001815451,0.023666166,0.026957487,0.302266048,0.004976164,0.012838764,0.004780252,0.003056227,0.012747339,0.058747469,0.00343499,0.004192516,0.00016979,0.014105662,0.006295305,0.000417946,0.0000392,0.0000542,0.001386257,0.000249093,0.437223155,0.536308009,0.00336817
AWGB16SAA2212691-16-11,83,Type5,0.286974392,0.004710624,0.14197259,0.006618893,0.001107597,0.002415362,0.0030559,0.015853317,0.015226123,0.002148471,0.016787435,0.010115163,0.295301386,0.008527163,0.055446575,0.008353684,0.000467059,0.01066229,0.055806878,0.004203531,0.00860723,0.025901757,0.012637282,0.006365347,0.000667227,0.0000667,0.000206249,0.0000469,0.0001125,0.328864597,0.663785426,0.000187499
AWGB16SAA2212693-16-13,84,Type5,0.061544247,0.008418986,0.196122671,0.006580597,0.003676778,0.001629481,0.004282611,0.009944013,0.027450489,0.082748391,0.004199047,0.013432773,0.353701847,0.009150163,0.021329489,0.010194702,0.00399014,0.043640846,0.01867636,0.016336592,0.002297986,0.022917189,0.012638924,0.013558118,0.049302248,0.002235314,0.000193418,0.00303943,0.000234865,0.282929458,0.685267055,0.000276312
AWGB16SAA2212695-16-15,85,Type5,0.237166642,0.000882776,0.341298917,0.003001439,0.001686102,0.001147609,0.004184359,0.011502573,0.015978248,0.040572392,0.00236584,0.0000883,0.201219997,0.007071037,0.012985637,0.002701295,0.001385959,0.029634796,0.04014866,0.002215768,0.005305485,0.0000441,0.009533982,0.004113737,0.018017461,0.005746873,0.00000979,0.001389636,0.0000685,0.495738122,0.494162548,0.000822038
AWGB16SAA2186085-16-15,40,Type5,0.220682744,0.002004226,0.099230987,0.000762477,0.000697122,0.0000871,0.000435701,0.002004226,0.00623053,0.00159031,0.002396358,0.000435701,0.638346078,0.002374572,0.004945211,0.000479272,0.000697122,0.003420256,0.001111038,0.000653552,0.000653552,0,0.008234756,0.002243862,0.0000436,0.000239636,0,0.000715683,0.000286273,0.0000716,0.834772651,0
AWGB16SAA2186087-16-17,41,Type5,0.075937587,0.004156714,0.209883054,0.054719732,0.015913391,0.000527344,0.005211403,0.002295499,0.013710953,0.03263331,0.003443248,0.003753451,0.223594007,0.004653038,0.274188045,0.001675094,0.000837547,0.00725874,0.0049012,0.001426932,0.000558365,0.013804014,0.006359153,0.007413841,0.030492912,0.000651425,0.002044072,0.374264633,0.022385083,0.036195034,0.288912155,0.007677735
AWGB16SAA2186089-11-11,42,Type5,0.097048504,0.001547988,0.18119711,0.008937049,0.027327141,0.003880289,0.004066047,0.009638803,0.022332301,0.004767802,0.09504644,0.003426213,0.394592363,0.012074303,0.031083591,0.00130031,0.007100103,0.022043344,0.017172343,0.01496388,0.017172343,0.000288958,0.012012384,0.008008256,0.000227038,0.002745098,0,0.000305351,0,0.998943017,0.000211397,0
AWGB16SAA2186091-11-13,43,Type5,0.283623564,0.007734346,0.072248981,0.001157836,0.002593553,0.000926269,0.000463134,0.007178585,0.015885513,0.00134309,0.035198222,0.009633197,0.490227862,0.000648388,0.000416821,0.024962949,0.001435717,0.012180437,0.012782512,0.001018896,0.001528344,0.010559466,0.000926269,0.002176732,0.00013894,0.003010374,0,0.00030135,0,0.99807136,0.00016072,0
AWGB16SAA2186093-11-15,44,Type5,0.028414406,0.005093026,0.22700343,0.000818522,0.000363788,0.000415757,0.000493712,0.001818938,0.005028064,0.00220871,0.002052801,0.002351627,0.704188754,0.000233863,0.000506704,0.000207879,0.000441742,0.005054048,0.002871323,0.000792537,0.001013408,0.006275335,0.000311818,0.001663029,0.000065,0.000311818,0,0.0000769,0,0.997327283,0.000346107,0
AWGB16SAA2212688-15-16,81,Type5,0.089090231,0.002176978,0.120915575,0.004208824,0.018182949,0.003877094,0.003089235,0.006137004,0.021914911,0.006385802,0.095413833,0.002529441,0.510034832,0.012045945,0.037526953,0.002280644,0.004768618,0.014202189,0.009868967,0.005701609,0.006883397,0.001575717,0.011050755,0.00789932,0.000974457,0.001264721,0.003117466,0,0.000976806,0.8612208,0.122963255,0.00107033
AWGB16SAA2212690-15-18,82,Type5,0.006189138,0.00089144,0.049521594,0.629483729,0.000781071,0.003523309,0.003192203,0.002113985,0.024162259,0.00088295,0.001502713,0.000764091,0.235908886,0.000755601,0.018448555,0.000959359,0.004100622,0.003497839,0.003939314,0.000356576,0.002156435,0.001519692,0.002207374,0.00175741,0.000432985,0.000950869,0.016704632,0.016343964,0.061009871,0.540394837,0.257156416,0.000740319
AWGB16SAA2212692-16-12,83,Type5,0.008472536,0.002527319,0.140374525,0.082583161,0.040220479,0.002936504,0.004982429,0.006282193,0.045395465,0.002118134,0.006137775,0.002840225,0.53189236,0.004452896,0.05076301,0.00406778,0.008279979,0.018220767,0.010205555,0.00493429,0.004838011,0.005174987,0.005776729,0.002671737,0.002382901,0.001468252,0.00023596,0.019419538,0.000165172,0.571991505,0.26809816,0.001179802
AWGB16SAA2212694-16-14,84,Type5,0.167690832,0.00372962,0.207011686,0.026320463,0.027812311,0.000248641,0.00177601,0.003445459,0.016801051,0.017546975,0.008702447,0.003942741,0.334067417,0.004262423,0.076261855,0.004653145,0.006251554,0.023230206,0.006287074,0.011437502,0.013959436,0.004475544,0.010869179,0.00372962,0.01282279,0.002664014,0.000356189,0.123918077,0.005877115,0.329937667,0.479821906,0.001780944
AWGB16SAA2212696-16-16,85,Type5,0.357570672,0.001727713,0.096093724,0.000312634,0.014364695,0.003225063,0.0000494,0.004870504,0.018445388,0.012340804,0.005726133,0.001875802,0.403494916,0.000641722,0.037664133,0.001809985,0.003800968,0.009592918,0.007684207,0.002895975,0.001974529,0.001316352,0.003669332,0.00302761,0.005199592,0.000625267,0.00024392,0.021489377,0.149596312,0.292801912,0.337853989,0.000487841
AWGB16SAA2186094-11-16,45,Type7,0.02957582,0.000622649,0.078401868,0.00020755,0.000103775,0.0000519,0.000441043,0.000518874,0.000778311,0.000648593,0.000285381,0.000285381,0.87925801,0.000259437,0.000882086,0.000259437,0.000181606,0.001297185,0.000389156,0.000337268,0.00119341,0.000233493,0.002334933,0.000129719,0.001037748,0.000285381,0,0.000126068,0.000063,0.001623121,0.000362444,0
AWGB16SAA2186096-11-18,46,Type7,0.036242268,0.003494915,0.052947961,0.00083878,0.001747457,0.0000699,0.001118373,0.149512459,0.002970678,0.00164261,0.001572712,0.000139797,0.693565862,0.0000699,0.000978576,0.009296474,0.000733932,0.000768881,0.035053996,0.000244644,0.00122322,0.000104847,0.002830881,0.0000699,0.002656135,0.000104847,0,0.0000445,0.0000297,0.00152937,0.000356358,0
AWGB16SAA2186098-12-12,47,Type7,0.082386178,0.003596653,0.110822558,0.00994241,0.010518309,0.003694447,0.00297729,0.013093556,0.022503531,0.003259807,0.077594263,0.0000978,0.57618168,0.000456373,0.020036944,0.001619037,0.001542975,0.015038574,0.00297729,0.033228295,0.001162664,0.003531457,0.000804086,0.000249919,0.001771162,0.000912746,0,0.0000876,0.013605868,0.985542983,0.000250338,0
AWGB16SAA2186100-12-14,48,Type7,0.160368763,0.013697361,0.15948855,0.003520855,0.006609324,0.00052504,0.003505413,0.054341616,0.016199021,0.006949056,0.002455333,0.000370616,0.518924595,0.000108096,0.001389811,0.000664021,0.002378121,0.007782942,0.030436864,0.002131044,0.00052504,0.000216193,0.00098831,0.001111849,0.005204071,0.000108096,0,0.000374777,0.004028858,0.608919704,0.000562166,0
AWGB16SAA2186102-12-16,49,Type7,0.096151982,0.002067785,0.120502299,0.00148622,0.002175482,0.002358567,0.002821664,0.000775419,0.005384856,0.000775419,0.149709756,0.000570795,0.599226735,0.000333861,0.003166295,0.000689262,0.001012353,0.003252453,0.00074311,0.004243266,0.001044662,0.0000538,0.000775419,0.000215394,0.000463098,0,0,0.000485484,0.002815807,0.590834062,0.002718711,0
AWGB16SAA2186104-12-18,50,Type7,0.071233189,0.026056005,0.062878084,0.002033982,0.005654819,0.005470709,0.008179762,0.024697095,0.009003875,0.002901931,0.011634024,0.0000877,0.73623994,0.000429591,0.003147411,0.000473427,0.0011748,0.001437815,0.02143571,0.000657537,0.000210412,0,0.001648226,0.000341919,0.002603847,0.000368221,0,0.0000247,0.0000371,0.999110353,0.000518961,0
AWGB16SAA2212697-16-17,86,Type7,0.033728115,0.000383339,0.625924019,0.003816226,0.001293054,0.001001259,0.001533356,0.01787962,0.009228745,0.000234581,0.009806614,0.000102987,0.274127475,0.0000401,0.002654766,0.000148758,0.000635084,0.002431628,0.00568715,0.004577183,0.000303238,0.000474883,0.00046344,0.000263188,0.003244078,0.0000172,0,0.0000813,0.006704319,0.288651416,0.000304742,0
AWGB16SAA2212699-11-11,87,Type7,0.101828527,0.002163412,0.069436624,0.005423347,0.010372522,0,0.000740894,0.062531488,0.022463918,0.000918709,0.049491746,0.000533444,0.588092345,0.00020745,0.014195537,0.00477136,0.000237086,0.002222683,0.032006638,0.023678985,0.00154106,0.002519041,0.002400498,0.000296358,0.001837418,0.0000889,0,0.0000337,0.351377167,0.18276827,0.000258465,0
AWGB16SAA2212701-11-13,88,Type7,0.068732962,0.008589846,0.153538164,0.007226829,0.00684348,0.002172308,0.00342174,0.035310654,0.01570309,0.005295888,0.0275301,0.000198773,0.615203317,0.000198773,0.006332349,0.001178442,0.001831554,0.00714164,0.014794412,0.011173898,0.000993866,0.001107451,0.000979668,0.000312358,0.003549523,0.000638914,0,0.0000758,0.006385599,0.291880625,0.000246329,0
AWGB16SAA2212703-11-15,89,Type7,0.098200052,0.00198545,0.08296861,0.007130228,0.00024637,0.002101388,0.002231819,0.0302455,0.000637663,0.000942002,0.102040521,0.000275354,0.648546419,0.000347816,0.003362221,0.002217327,0.001159387,0.008144691,0.000637663,0.003202806,0.000768094,0.000217385,0.001159387,0.000405785,0.000768094,0.000058,0,0.000153677,0.007222806,0.362292857,0.00064032,0
AWGB16SAA2186095-11-17,45,Type7,0.008850693,0.000441822,0.012171484,0.0000998,0.000142523,0,0.000114019,0.000527336,0.000399065,0.0000998,0.0000855,0.0000428,0.970996522,0,0.000840887,0.000940653,0.000057,0.00178154,0.000270794,0.000441822,0,0,0.001097429,0,0.000598598,0,0,0.000100392,0.000086,0.000717082,0.000143416,0
AWGB16SAA2186097-12-11,46,Type7,0.044220665,0.000997276,0.037385678,0.000413505,0.002870208,0.000267562,0.000316209,0.160585717,0.002237789,0.000802685,0.002456704,0.0000486,0.683474411,0.0000486,0.002018875,0.012210547,0.0000486,0.000948628,0.042566647,0.000413505,0.002529675,0.000121619,0.001118895,0.000486476,0.00141078,0,0,0.000111047,0.013991881,0.984823621,0.00024677,0.0000247
AWGB16SAA2186099-12-13,47,Type7,0.161199412,0.001413175,0.02256207,0.000544154,0.005002964,0.000243651,0.000235529,0.001405053,0.006107515,0.000714709,0.004060848,0.000276138,0.779731497,0.000438572,0.008292251,0.000690344,0.000397963,0.001559366,0.000893387,0.001453783,0.000194921,0.001502514,0.000300503,0.000259894,0.000373598,0.000146191,0.0000341,0.0000681,0.015024018,0.984158348,0.000102204,0
AWGB16SAA2186101-12-15,48,Type7,0.07439814,0.002749931,0.184820379,0.008349791,0.000474988,0.000224994,0.000749981,0.003424914,0.004124897,0.00039999,0.000249994,0.000224994,0.712532187,0.000474988,0.000774981,0.000724982,0.000224994,0.000524987,0.002224944,0.000199995,0.00039999,0,0.000299993,0.00039999,0.000974976,0.00005,0,0.000937305,0.002707769,0.67267236,0.000520725,0
AWGB16SAA2186103-12-17,49,Type7,0.027458962,0.002202055,0.036667556,0.00030028,0.000200187,0.000166822,0.0000667,0.001101028,0.000667289,0.000834112,0.001801682,0,0.923762178,0,0.001935139,0.000834112,0.000133458,0.000166822,0.000333645,0.000567196,0.000100093,0.000166822,0.000100093,0.0000667,0.000233551,0.000133458,0,0.0000337,0.0000449,0.999102525,0.000437519,0
AWGB16SAA2186105-13-11,50,Type7,0.040994507,0.006321673,0.034923388,0.002139347,0.002563361,0.001522598,0.002004433,0.013240821,0.008094825,0.001869519,0.008403199,0.000732389,0.858359834,0.000751662,0.001888793,0.000385468,0.001329864,0.000809483,0.00954033,0.000192734,0.0000385,0.000539655,0.000867303,0.001252771,0.001002216,0.000231281,0,0,0,0.998278391,0.001467005,0
AWGB16SAA2212698-16-18,86,Type7,0.084209417,0.00097489,0.182765526,0.004044476,0.002239612,0.000342529,0.002898322,0.075751587,0.001646774,0.0000395,0.002331831,0.000118568,0.595223039,0.000237135,0.003267199,0.033106737,0.000606013,0.000935367,0.005770295,0.00072458,0.000671884,0.000606013,0.000579664,0.000368877,0.000540142,0,0,0.000108169,0.013064433,0.971082773,0.000168263,0
AWGB16SAA2212700-11-12,87,Type7,0.108324843,0.001495382,0.036037072,0.0000657,0.000920235,0.000246492,0.000328655,0.049857035,0.001692576,0.000706609,0.002941466,0.001265324,0.762612154,0.000312223,0.004157492,0.008167088,0.000246492,0.00118316,0.015266047,0.000903803,0.000920235,0.000755908,0.000739475,0.000164328,0.000673744,0.0000164,0,0.000105605,0.008161726,0.977113978,0.000196123,0.0000151
AWGB16SAA2212702-11-14,88,Type7,0.097012233,0.001492244,0.043029091,0.001918599,0.005132662,0.000196779,0.000262373,0.054835853,0.003788003,0.000655931,0.002836903,0.000327966,0.764241907,0.000311567,0.003689613,0.000409957,0.000245974,0.001180676,0.015152012,0.000885507,0.000262373,0.000623135,0.000393559,0.00037716,0.00067233,0.0000656,0,0.0000991,0.009865282,0.780472691,0.000198297,0.000793188
AWGB16SAA2212704-11-16,89,Type7,0.028304479,0.000942174,0.05458721,0.002021749,0.00143289,0.0000785,0.000196286,0.008086994,0.004671613,0.000333687,0.000647745,0.0000981,0.88811683,0,0.003690182,0.001589919,0.0000589,0.001275861,0.000196286,0.000471087,0.001040317,0.000274801,0.000785145,0.000196286,0.000804774,0.0000981,0,0.0000747,0.007082449,0.645339629,0.000313779,0
